Matrix Size,Avg Execution Time (s),Avg Memory Usage (MB),Avg CPU Usage (%)
10,0.000278,0.0,0.0
80,0.204845,14.5,22.3
200,2.024001,89.5,56.7
800,35.108645,470.5,78.9
